Title,Year,Rated,Released,Runtime,Genre,Director,Writer,Actors,Plot,Language,Country,Awards,Poster,Ratings,Metascore,imdbRating,imdbVotes,imdbID,Type,DVD,BoxOffice,Production,Website,Response
Guardians of the Galaxy Vol. 2,2017,PG-13,05 May 2017,136 min,"Action, Adventure, Comedy",James Gunn,"James Gunn, Dan Abnett, Andy Lanning","Chris Pratt, Zoe Saldaña, Dave Bautista","The Guardians struggle to keep together as a team while dealing with their personal family issues, notably Star-Lord's encounter with his father, the ambitious celestial being Ego.",English,United States,Nominated for 1 Oscar. 15 wins & 61 nominations total,https://m.media-amazon.com/images/M/MV5BNWE5MGI3MDctMmU5Ni00YzI2LWEzMTQtZGIyZDA5MzQzNDBhXkEyXkFqcGc@._V1_SX300.jpg,"[{'Source': 'Internet Movie Database', 'Value': '7.6/10'}, {'Source': 'Rotten Tomatoes', 'Value': '85%'}, {'Source': 'Metacritic', 'Value': '67/100'}]",67,7.6,"788,570",tt3896198,movie,N/A,"$389,813,101",N/A,N/A,True
Guardians of the Galaxy Vol. 2,2017,PG-13,05 May 2017,136 min,"Action, Adventure, Comedy",James Gunn,"James Gunn, Dan Abnett, Andy Lanning","Chris Pratt, Zoe Saldaña, Dave Bautista","The Guardians struggle to keep together as a team while dealing with their personal family issues, notably Star-Lord's encounter with his father, the ambitious celestial being Ego.",English,United States,Nominated for 1 Oscar. 15 wins & 61 nominations total,https://m.media-amazon.com/images/M/MV5BNWE5MGI3MDctMmU5Ni00YzI2LWEzMTQtZGIyZDA5MzQzNDBhXkEyXkFqcGc@._V1_SX300.jpg,"[{'Source': 'Internet Movie Database', 'Value': '7.6/10'}, {'Source': 'Rotten Tomatoes', 'Value': '85%'}, {'Source': 'Metacritic', 'Value': '67/100'}]",67,7.6,"788,570",tt3896198,movie,N/A,"$389,813,101",N/A,N/A,True
Guardians of the Galaxy Vol. 2,2017,PG-13,05 May 2017,136 min,"Action, Adventure, Comedy",James Gunn,"James Gunn, Dan Abnett, Andy Lanning","Chris Pratt, Zoe Saldaña, Dave Bautista","The Guardians struggle to keep together as a team while dealing with their personal family issues, notably Star-Lord's encounter with his father, the ambitious celestial being Ego.",English,United States,Nominated for 1 Oscar. 15 wins & 61 nominations total,https://m.media-amazon.com/images/M/MV5BNWE5MGI3MDctMmU5Ni00YzI2LWEzMTQtZGIyZDA5MzQzNDBhXkEyXkFqcGc@._V1_SX300.jpg,"[{'Source': 'Internet Movie Database', 'Value': '7.6/10'}, {'Source': 'Rotten Tomatoes', 'Value': '85%'}, {'Source': 'Metacritic', 'Value': '67/100'}]",67,7.6,"788,570",tt3896198,movie,N/A,"$389,813,101",N/A,N/A,True
Guardians of the Galaxy Vol. 2,2017,PG-13,05 May 2017,136 min,"Action, Adventure, Comedy",James Gunn,"James Gunn, Dan Abnett, Andy Lanning","Chris Pratt, Zoe Saldaña, Dave Bautista","The Guardians struggle to keep together as a team while dealing with their personal family issues, notably Star-Lord's encounter with his father, the ambitious celestial being Ego.",English,United States,Nominated for 1 Oscar. 15 wins & 61 nominations total,https://m.media-amazon.com/images/M/MV5BNWE5MGI3MDctMmU5Ni00YzI2LWEzMTQtZGIyZDA5MzQzNDBhXkEyXkFqcGc@._V1_SX300.jpg,"[{'Source': 'Internet Movie Database', 'Value': '7.6/10'}, {'Source': 'Rotten Tomatoes', 'Value': '85%'}, {'Source': 'Metacritic', 'Value': '67/100'}]",67,7.6,"788,570",tt3896198,movie,N/A,"$389,813,101",N/A,N/A,True
Guardians of the Galaxy Vol. 2,2017,PG-13,05 May 2017,136 min,"Action, Adventure, Comedy",James Gunn,"James Gunn, Dan Abnett, Andy Lanning","Chris Pratt, Zoe Saldaña, Dave Bautista","The Guardians struggle to keep together as a team while dealing with their personal family issues, notably Star-Lord's encounter with his father, the ambitious celestial being Ego.",English,United States,Nominated for 1 Oscar. 15 wins & 61 nominations total,https://m.media-amazon.com/images/M/MV5BNWE5MGI3MDctMmU5Ni00YzI2LWEzMTQtZGIyZDA5MzQzNDBhXkEyXkFqcGc@._V1_SX300.jpg,"[{'Source': 'Internet Movie Database', 'Value': '7.6/10'}, {'Source': 'Rotten Tomatoes', 'Value': '85%'}, {'Source': 'Metacritic', 'Value': '67/100'}]",67,7.6,"788,570",tt3896198,movie,N/A,"$389,813,101",N/A,N/A,True
Guardians of the Galaxy Vol. 2,2017,PG-13,05 May 2017,136 min,"Action, Adventure, Comedy",James Gunn,"James Gunn, Dan Abnett, Andy Lanning","Chris Pratt, Zoe Saldaña, Dave Bautista","The Guardians struggle to keep together as a team while dealing with their personal family issues, notably Star-Lord's encounter with his father, the ambitious celestial being Ego.",English,United States,Nominated for 1 Oscar. 15 wins & 61 nominations total,https://m.media-amazon.com/images/M/MV5BNWE5MGI3MDctMmU5Ni00YzI2LWEzMTQtZGIyZDA5MzQzNDBhXkEyXkFqcGc@._V1_SX300.jpg,"[{'Source': 'Internet Movie Database', 'Value': '7.6/10'}, {'Source': 'Rotten Tomatoes', 'Value': '85%'}, {'Source': 'Metacritic', 'Value': '67/100'}]",67,7.6,"788,570",tt3896198,movie,N/A,"$389,813,101",N/A,N/A,True
Guardians of the Galaxy Vol. 2,2017,PG-13,05 May 2017,136 min,"Action, Adventure, Comedy",James Gunn,"James Gunn, Dan Abnett, Andy Lanning","Chris Pratt, Zoe Saldaña, Dave Bautista","The Guardians struggle to keep together as a team while dealing with their personal family issues, notably Star-Lord's encounter with his father, the ambitious celestial being Ego.",English,United States,Nominated for 1 Oscar. 15 wins & 61 nominations total,https://m.media-amazon.com/images/M/MV5BNWE5MGI3MDctMmU5Ni00YzI2LWEzMTQtZGIyZDA5MzQzNDBhXkEyXkFqcGc@._V1_SX300.jpg,"[{'Source': 'Internet Movie Database', 'Value': '7.6/10'}, {'Source': 'Rotten Tomatoes', 'Value': '85%'}, {'Source': 'Metacritic', 'Value': '67/100'}]",67,7.6,"788,570",tt3896198,movie,N/A,"$389,813,101",N/A,N/A,True
Guardians of the Galaxy Vol. 2,2017,PG-13,05 May 2017,136 min,"Action, Adventure, Comedy",James Gunn,"James Gunn, Dan Abnett, Andy Lanning","Chris Pratt, Zoe Saldaña, Dave Bautista","The Guardians struggle to keep together as a team while dealing with their personal family issues, notably Star-Lord's encounter with his father, the ambitious celestial being Ego.",English,United States,Nominated for 1 Oscar. 15 wins & 61 nominations total,https://m.media-amazon.com/images/M/MV5BNWE5MGI3MDctMmU5Ni00YzI2LWEzMTQtZGIyZDA5MzQzNDBhXkEyXkFqcGc@._V1_SX300.jpg,"[{'Source': 'Internet Movie Database', 'Value': '7.6/10'}, {'Source': 'Rotten Tomatoes', 'Value': '85%'}, {'Source': 'Metacritic', 'Value': '67/100'}]",67,7.6,"788,570",tt3896198,movie,N/A,"$389,813,101",N/A,N/A,True
Guardians of the Galaxy Vol. 2,2017,PG-13,05 May 2017,136 min,"Action, Adventure, Comedy",James Gunn,"James Gunn, Dan Abnett, Andy Lanning","Chris Pratt, Zoe Saldaña, Dave Bautista","The Guardians struggle to keep together as a team while dealing with their personal family issues, notably Star-Lord's encounter with his father, the ambitious celestial being Ego.",English,United States,Nominated for 1 Oscar. 15 wins & 61 nominations total,https://m.media-amazon.com/images/M/MV5BNWE5MGI3MDctMmU5Ni00YzI2LWEzMTQtZGIyZDA5MzQzNDBhXkEyXkFqcGc@._V1_SX300.jpg,"[{'Source': 'Internet Movie Database', 'Value': '7.6/10'}, {'Source': 'Rotten Tomatoes', 'Value': '85%'}, {'Source': 'Metacritic', 'Value': '67/100'}]",67,7.6,"788,570",tt3896198,movie,N/A,"$389,813,101",N/A,N/A,True
Guardians of the Galaxy Vol. 2,2017,PG-13,05 May 2017,136 min,"Action, Adventure, Comedy",James Gunn,"James Gunn, Dan Abnett, Andy Lanning","Chris Pratt, Zoe Saldaña, Dave Bautista","The Guardians struggle to keep together as a team while dealing with their personal family issues, notably Star-Lord's encounter with his father, the ambitious celestial being Ego.",English,United States,Nominated for 1 Oscar. 15 wins & 61 nominations total,https://m.media-amazon.com/images/M/MV5BNWE5MGI3MDctMmU5Ni00YzI2LWEzMTQtZGIyZDA5MzQzNDBhXkEyXkFqcGc@._V1_SX300.jpg,"[{'Source': 'Internet Movie Database', 'Value': '7.6/10'}, {'Source': 'Rotten Tomatoes', 'Value': '85%'}, {'Source': 'Metacritic', 'Value': '67/100'}]",67,7.6,"788,570",tt3896198,movie,N/A,"$389,813,101",N/A,N/A,True
Guardians of the Galaxy Vol. 2,2017,PG-13,05 May 2017,136 min,"Action, Adventure, Comedy",James Gunn,"James Gunn, Dan Abnett, Andy Lanning","Chris Pratt, Zoe Saldaña, Dave Bautista","The Guardians struggle to keep together as a team while dealing with their personal family issues, notably Star-Lord's encounter with his father, the ambitious celestial being Ego.",English,United States,Nominated for 1 Oscar. 15 wins & 61 nominations total,https://m.media-amazon.com/images/M/MV5BNWE5MGI3MDctMmU5Ni00YzI2LWEzMTQtZGIyZDA5MzQzNDBhXkEyXkFqcGc@._V1_SX300.jpg,"[{'Source': 'Internet Movie Database', 'Value': '7.6/10'}, {'Source': 'Rotten Tomatoes', 'Value': '85%'}, {'Source': 'Metacritic', 'Value': '67/100'}]",67,7.6,"788,570",tt3896198,movie,N/A,"$389,813,101",N/A,N/A,True
Guardians of the Galaxy Vol. 2,2017,PG-13,05 May 2017,136 min,"Action, Adventure, Comedy",James Gunn,"James Gunn, Dan Abnett, Andy Lanning","Chris Pratt, Zoe Saldaña, Dave Bautista","The Guardians struggle to keep together as a team while dealing with their personal family issues, notably Star-Lord's encounter with his father, the ambitious celestial being Ego.",English,United States,Nominated for 1 Oscar. 15 wins & 61 nominations total,https://m.media-amazon.com/images/M/MV5BNWE5MGI3MDctMmU5Ni00YzI2LWEzMTQtZGIyZDA5MzQzNDBhXkEyXkFqcGc@._V1_SX300.jpg,"[{'Source': 'Internet Movie Database', 'Value': '7.6/10'}, {'Source': 'Rotten Tomatoes', 'Value': '85%'}, {'Source': 'Metacritic', 'Value': '67/100'}]",67,7.6,"788,570",tt3896198,movie,N/A,"$389,813,101",N/A,N/A,True
Guardians of the Galaxy Vol. 2,2017,PG-13,05 May 2017,136 min,"Action, Adventure, Comedy",James Gunn,"James Gunn, Dan Abnett, Andy Lanning","Chris Pratt, Zoe Saldaña, Dave Bautista","The Guardians struggle to keep together as a team while dealing with their personal family issues, notably Star-Lord's encounter with his father, the ambitious celestial being Ego.",English,United States,Nominated for 1 Oscar. 15 wins & 61 nominations total,https://m.media-amazon.com/images/M/MV5BNWE5MGI3MDctMmU5Ni00YzI2LWEzMTQtZGIyZDA5MzQzNDBhXkEyXkFqcGc@._V1_SX300.jpg,"[{'Source': 'Internet Movie Database', 'Value': '7.6/10'}, {'Source': 'Rotten Tomatoes', 'Value': '85%'}, {'Source': 'Metacritic', 'Value': '67/100'}]",67,7.6,"788,570",tt3896198,movie,N/A,"$389,813,101",N/A,N/A,True
Guardians of the Galaxy Vol. 2,2017,PG-13,05 May 2017,136 min,"Action, Adventure, Comedy",James Gunn,"James Gunn, Dan Abnett, Andy Lanning","Chris Pratt, Zoe Saldaña, Dave Bautista","The Guardians struggle to keep together as a team while dealing with their personal family issues, notably Star-Lord's encounter with his father, the ambitious celestial being Ego.",English,United States,Nominated for 1 Oscar. 15 wins & 61 nominations total,https://m.media-amazon.com/images/M/MV5BNWE5MGI3MDctMmU5Ni00YzI2LWEzMTQtZGIyZDA5MzQzNDBhXkEyXkFqcGc@._V1_SX300.jpg,"[{'Source': 'Internet Movie Database', 'Value': '7.6/10'}, {'Source': 'Rotten Tomatoes', 'Value': '85%'}, {'Source': 'Metacritic', 'Value': '67/100'}]",67,7.6,"788,570",tt3896198,movie,N/A,"$389,813,101",N/A,N/A,True
Guardians of the Galaxy Vol. 2,2017,PG-13,05 May 2017,136 min,"Action, Adventure, Comedy",James Gunn,"James Gunn, Dan Abnett, Andy Lanning","Chris Pratt, Zoe Saldaña, Dave Bautista","The Guardians struggle to keep together as a team while dealing with their personal family issues, notably Star-Lord's encounter with his father, the ambitious celestial being Ego.",English,United States,Nominated for 1 Oscar. 15 wins & 61 nominations total,https://m.media-amazon.com/images/M/MV5BNWE5MGI3MDctMmU5Ni00YzI2LWEzMTQtZGIyZDA5MzQzNDBhXkEyXkFqcGc@._V1_SX300.jpg,"[{'Source': 'Internet Movie Database', 'Value': '7.6/10'}, {'Source': 'Rotten Tomatoes', 'Value': '85%'}, {'Source': 'Metacritic', 'Value': '67/100'}]",67,7.6,"788,570",tt3896198,movie,N/A,"$389,813,101",N/A,N/A,True
Guardians of the Galaxy Vol. 2,2017,PG-13,05 May 2017,136 min,"Action, Adventure, Comedy",James Gunn,"James Gunn, Dan Abnett, Andy Lanning","Chris Pratt, Zoe Saldaña, Dave Bautista","The Guardians struggle to keep together as a team while dealing with their personal family issues, notably Star-Lord's encounter with his father, the ambitious celestial being Ego.",English,United States,Nominated for 1 Oscar. 15 wins & 61 nominations total,https://m.media-amazon.com/images/M/MV5BNWE5MGI3MDctMmU5Ni00YzI2LWEzMTQtZGIyZDA5MzQzNDBhXkEyXkFqcGc@._V1_SX300.jpg,"[{'Source': 'Internet Movie Database', 'Value': '7.6/10'}, {'Source': 'Rotten Tomatoes', 'Value': '85%'}, {'Source': 'Metacritic', 'Value': '67/100'}]",67,7.6,"788,570",tt3896198,movie,N/A,"$389,813,101",N/A,N/A,True
Guardians of the Galaxy Vol. 2,2017,PG-13,05 May 2017,136 min,"Action, Adventure, Comedy",James Gunn,"James Gunn, Dan Abnett, Andy Lanning","Chris Pratt, Zoe Saldaña, Dave Bautista","The Guardians struggle to keep together as a team while dealing with their personal family issues, notably Star-Lord's encounter with his father, the ambitious celestial being Ego.",English,United States,Nominated for 1 Oscar. 15 wins & 61 nominations total,https://m.media-amazon.com/images/M/MV5BNWE5MGI3MDctMmU5Ni00YzI2LWEzMTQtZGIyZDA5MzQzNDBhXkEyXkFqcGc@._V1_SX300.jpg,"[{'Source': 'Internet Movie Database', 'Value': '7.6/10'}, {'Source': 'Rotten Tomatoes', 'Value': '85%'}, {'Source': 'Metacritic', 'Value': '67/100'}]",67,7.6,"788,570",tt3896198,movie,N/A,"$389,813,101",N/A,N/A,True
Guardians of the Galaxy Vol. 2,2017,PG-13,05 May 2017,136 min,"Action, Adventure, Comedy",James Gunn,"James Gunn, Dan Abnett, Andy Lanning","Chris Pratt, Zoe Saldaña, Dave Bautista","The Guardians struggle to keep together as a team while dealing with their personal family issues, notably Star-Lord's encounter with his father, the ambitious celestial being Ego.",English,United States,Nominated for 1 Oscar. 15 wins & 61 nominations total,https://m.media-amazon.com/images/M/MV5BNWE5MGI3MDctMmU5Ni00YzI2LWEzMTQtZGIyZDA5MzQzNDBhXkEyXkFqcGc@._V1_SX300.jpg,"[{'Source': 'Internet Movie Database', 'Value': '7.6/10'}, {'Source': 'Rotten Tomatoes', 'Value': '85%'}, {'Source': 'Metacritic', 'Value': '67/100'}]",67,7.6,"788,570",tt3896198,movie,N/A,"$389,813,101",N/A,N/A,True
Guardians of the Galaxy Vol. 2,2017,PG-13,05 May 2017,136 min,"Action, Adventure, Comedy",James Gunn,"James Gunn, Dan Abnett, Andy Lanning","Chris Pratt, Zoe Saldaña, Dave Bautista","The Guardians struggle to keep together as a team while dealing with their personal family issues, notably Star-Lord's encounter with his father, the ambitious celestial being Ego.",English,United States,Nominated for 1 Oscar. 15 wins & 61 nominations total,https://m.media-amazon.com/images/M/MV5BNWE5MGI3MDctMmU5Ni00YzI2LWEzMTQtZGIyZDA5MzQzNDBhXkEyXkFqcGc@._V1_SX300.jpg,"[{'Source': 'Internet Movie Database', 'Value': '7.6/10'}, {'Source': 'Rotten Tomatoes', 'Value': '85%'}, {'Source': 'Metacritic', 'Value': '67/100'}]",67,7.6,"788,570",tt3896198,movie,N/A,"$389,813,101",N/A,N/A,True
Guardians of the Galaxy Vol. 2,2017,PG-13,05 May 2017,136 min,"Action, Adventure, Comedy",James Gunn,"James Gunn, Dan Abnett, Andy Lanning","Chris Pratt, Zoe Saldaña, Dave Bautista","The Guardians struggle to keep together as a team while dealing with their personal family issues, notably Star-Lord's encounter with his father, the ambitious celestial being Ego.",English,United States,Nominated for 1 Oscar. 15 wins & 61 nominations total,https://m.media-amazon.com/images/M/MV5BNWE5MGI3MDctMmU5Ni00YzI2LWEzMTQtZGIyZDA5MzQzNDBhXkEyXkFqcGc@._V1_SX300.jpg,"[{'Source': 'Internet Movie Database', 'Value': '7.6/10'}, {'Source': 'Rotten Tomatoes', 'Value': '85%'}, {'Source': 'Metacritic', 'Value': '67/100'}]",67,7.6,"788,570",tt3896198,movie,N/A,"$389,813,101",N/A,N/A,True
Guardians of the Galaxy Vol. 2,2017,PG-13,05 May 2017,136 min,"Action, Adventure, Comedy",James Gunn,"James Gunn, Dan Abnett, Andy Lanning","Chris Pratt, Zoe Saldaña, Dave Bautista","The Guardians struggle to keep together as a team while dealing with their personal family issues, notably Star-Lord's encounter with his father, the ambitious celestial being Ego.",English,United States,Nominated for 1 Oscar. 15 wins & 61 nominations total,https://m.media-amazon.com/images/M/MV5BNWE5MGI3MDctMmU5Ni00YzI2LWEzMTQtZGIyZDA5MzQzNDBhXkEyXkFqcGc@._V1_SX300.jpg,"[{'Source': 'Internet Movie Database', 'Value': '7.6/10'}, {'Source': 'Rotten Tomatoes', 'Value': '85%'}, {'Source': 'Metacritic', 'Value': '67/100'}]",67,7.6,"788,570",tt3896198,movie,N/A,"$389,813,101",N/A,N/A,True
Guardians of the Galaxy Vol. 2,2017,PG-13,05 May 2017,136 min,"Action, Adventure, Comedy",James Gunn,"James Gunn, Dan Abnett, Andy Lanning","Chris Pratt, Zoe Saldaña, Dave Bautista","The Guardians struggle to keep together as a team while dealing with their personal family issues, notably Star-Lord's encounter with his father, the ambitious celestial being Ego.",English,United States,Nominated for 1 Oscar. 15 wins & 61 nominations total,https://m.media-amazon.com/images/M/MV5BNWE5MGI3MDctMmU5Ni00YzI2LWEzMTQtZGIyZDA5MzQzNDBhXkEyXkFqcGc@._V1_SX300.jpg,"[{'Source': 'Internet Movie Database', 'Value': '7.6/10'}, {'Source': 'Rotten Tomatoes', 'Value': '85%'}, {'Source': 'Metacritic', 'Value': '67/100'}]",67,7.6,"788,570",tt3896198,movie,N/A,"$389,813,101",N/A,N/A,True
Guardians of the Galaxy Vol. 2,2017,PG-13,05 May 2017,136 min,"Action, Adventure, Comedy",James Gunn,"James Gunn, Dan Abnett, Andy Lanning","Chris Pratt, Zoe Saldaña, Dave Bautista","The Guardians struggle to keep together as a team while dealing with their personal family issues, notably Star-Lord's encounter with his father, the ambitious celestial being Ego.",English,United States,Nominated for 1 Oscar. 15 wins & 61 nominations total,https://m.media-amazon.com/images/M/MV5BNWE5MGI3MDctMmU5Ni00YzI2LWEzMTQtZGIyZDA5MzQzNDBhXkEyXkFqcGc@._V1_SX300.jpg,"[{'Source': 'Internet Movie Database', 'Value': '7.6/10'}, {'Source': 'Rotten Tomatoes', 'Value': '85%'}, {'Source': 'Metacritic', 'Value': '67/100'}]",67,7.6,"788,570",tt3896198,movie,N/A,"$389,813,101",N/A,N/A,True
Guardians of the Galaxy Vol. 2,2017,PG-13,05 May 2017,136 min,"Action, Adventure, Comedy",James Gunn,"James Gunn, Dan Abnett, Andy Lanning","Chris Pratt, Zoe Saldaña, Dave Bautista","The Guardians struggle to keep together as a team while dealing with their personal family issues, notably Star-Lord's encounter with his father, the ambitious celestial being Ego.",English,United States,Nominated for 1 Oscar. 15 wins & 61 nominations total,https://m.media-amazon.com/images/M/MV5BNWE5MGI3MDctMmU5Ni00YzI2LWEzMTQtZGIyZDA5MzQzNDBhXkEyXkFqcGc@._V1_SX300.jpg,"[{'Source': 'Internet Movie Database', 'Value': '7.6/10'}, {'Source': 'Rotten Tomatoes', 'Value': '85%'}, {'Source': 'Metacritic', 'Value': '67/100'}]",67,7.6,"788,570",tt3896198,movie,N/A,"$389,813,101",N/A,N/A,True
Guardians of the Galaxy Vol. 2,2017,PG-13,05 May 2017,136 min,"Action, Adventure, Comedy",James Gunn,"James Gunn, Dan Abnett, Andy Lanning","Chris Pratt, Zoe Saldaña, Dave Bautista","The Guardians struggle to keep together as a team while dealing with their personal family issues, notably Star-Lord's encounter with his father, the ambitious celestial being Ego.",English,United States,Nominated for 1 Oscar. 15 wins & 61 nominations total,https://m.media-amazon.com/images/M/MV5BNWE5MGI3MDctMmU5Ni00YzI2LWEzMTQtZGIyZDA5MzQzNDBhXkEyXkFqcGc@._V1_SX300.jpg,"[{'Source': 'Internet Movie Database', 'Value': '7.6/10'}, {'Source': 'Rotten Tomatoes', 'Value': '85%'}, {'Source': 'Metacritic', 'Value': '67/100'}]",67,7.6,"788,570",tt3896198,movie,N/A,"$389,813,101",N/A,N/A,True
Guardians of the Galaxy Vol. 2,2017,PG-13,05 May 2017,136 min,"Action, Adventure, Comedy",James Gunn,"James Gunn, Dan Abnett, Andy Lanning","Chris Pratt, Zoe Saldaña, Dave Bautista","The Guardians struggle to keep together as a team while dealing with their personal family issues, notably Star-Lord's encounter with his father, the ambitious celestial being Ego.",English,United States,Nominated for 1 Oscar. 15 wins & 61 nominations total,https://m.media-amazon.com/images/M/MV5BNWE5MGI3MDctMmU5Ni00YzI2LWEzMTQtZGIyZDA5MzQzNDBhXkEyXkFqcGc@._V1_SX300.jpg,"[{'Source': 'Internet Movie Database', 'Value': '7.6/10'}, {'Source': 'Rotten Tomatoes', 'Value': '85%'}, {'Source': 'Metacritic', 'Value': '67/100'}]",67,7.6,"788,570",tt3896198,movie,N/A,"$389,813,101",N/A,N/A,True
Guardians of the Galaxy Vol. 2,2017,PG-13,05 May 2017,136 min,"Action, Adventure, Comedy",James Gunn,"James Gunn, Dan Abnett, Andy Lanning","Chris Pratt, Zoe Saldaña, Dave Bautista","The Guardians struggle to keep together as a team while dealing with their personal family issues, notably Star-Lord's encounter with his father, the ambitious celestial being Ego.",English,United States,Nominated for 1 Oscar. 15 wins & 61 nominations total,https://m.media-amazon.com/images/M/MV5BNWE5MGI3MDctMmU5Ni00YzI2LWEzMTQtZGIyZDA5MzQzNDBhXkEyXkFqcGc@._V1_SX300.jpg,"[{'Source': 'Internet Movie Database', 'Value': '7.6/10'}, {'Source': 'Rotten Tomatoes', 'Value': '85%'}, {'Source': 'Metacritic', 'Value': '67/100'}]",67,7.6,"788,570",tt3896198,movie,N/A,"$389,813,101",N/A,N/A,True
Guardians of the Galaxy Vol. 2,2017,PG-13,05 May 2017,136 min,"Action, Adventure, Comedy",James Gunn,"James Gunn, Dan Abnett, Andy Lanning","Chris Pratt, Zoe Saldaña, Dave Bautista","The Guardians struggle to keep together as a team while dealing with their personal family issues, notably Star-Lord's encounter with his father, the ambitious celestial being Ego.",English,United States,Nominated for 1 Oscar. 15 wins & 61 nominations total,https://m.media-amazon.com/images/M/MV5BNWE5MGI3MDctMmU5Ni00YzI2LWEzMTQtZGIyZDA5MzQzNDBhXkEyXkFqcGc@._V1_SX300.jpg,"[{'Source': 'Internet Movie Database', 'Value': '7.6/10'}, {'Source': 'Rotten Tomatoes', 'Value': '85%'}, {'Source': 'Metacritic', 'Value': '67/100'}]",67,7.6,"788,570",tt3896198,movie,N/A,"$389,813,101",N/A,N/A,True
Guardians of the Galaxy Vol. 2,2017,PG-13,05 May 2017,136 min,"Action, Adventure, Comedy",James Gunn,"James Gunn, Dan Abnett, Andy Lanning","Chris Pratt, Zoe Saldaña, Dave Bautista","The Guardians struggle to keep together as a team while dealing with their personal family issues, notably Star-Lord's encounter with his father, the ambitious celestial being Ego.",English,United States,Nominated for 1 Oscar. 15 wins & 61 nominations total,https://m.media-amazon.com/images/M/MV5BNWE5MGI3MDctMmU5Ni00YzI2LWEzMTQtZGIyZDA5MzQzNDBhXkEyXkFqcGc@._V1_SX300.jpg,"[{'Source': 'Internet Movie Database', 'Value': '7.6/10'}, {'Source': 'Rotten Tomatoes', 'Value': '85%'}, {'Source': 'Metacritic', 'Value': '67/100'}]",67,7.6,"788,570",tt3896198,movie,N/A,"$389,813,101",N/A,N/A,True
Guardians of the Galaxy Vol. 2,2017,PG-13,05 May 2017,136 min,"Action, Adventure, Comedy",James Gunn,"James Gunn, Dan Abnett, Andy Lanning","Chris Pratt, Zoe Saldaña, Dave Bautista","The Guardians struggle to keep together as a team while dealing with their personal family issues, notably Star-Lord's encounter with his father, the ambitious celestial being Ego.",English,United States,Nominated for 1 Oscar. 15 wins & 61 nominations total,https://m.media-amazon.com/images/M/MV5BNWE5MGI3MDctMmU5Ni00YzI2LWEzMTQtZGIyZDA5MzQzNDBhXkEyXkFqcGc@._V1_SX300.jpg,"[{'Source': 'Internet Movie Database', 'Value': '7.6/10'}, {'Source': 'Rotten Tomatoes', 'Value': '85%'}, {'Source': 'Metacritic', 'Value': '67/100'}]",67,7.6,"788,570",tt3896198,movie,N/A,"$389,813,101",N/A,N/A,True
Guardians of the Galaxy Vol. 2,2017,PG-13,05 May 2017,136 min,"Action, Adventure, Comedy",James Gunn,"James Gunn, Dan Abnett, Andy Lanning","Chris Pratt, Zoe Saldaña, Dave Bautista","The Guardians struggle to keep together as a team while dealing with their personal family issues, notably Star-Lord's encounter with his father, the ambitious celestial being Ego.",English,United States,Nominated for 1 Oscar. 15 wins & 61 nominations total,https://m.media-amazon.com/images/M/MV5BNWE5MGI3MDctMmU5Ni00YzI2LWEzMTQtZGIyZDA5MzQzNDBhXkEyXkFqcGc@._V1_SX300.jpg,"[{'Source': 'Internet Movie Database', 'Value': '7.6/10'}, {'Source': 'Rotten Tomatoes', 'Value': '85%'}, {'Source': 'Metacritic', 'Value': '67/100'}]",67,7.6,"788,570",tt3896198,movie,N/A,"$389,813,101",N/A,N/A,True
Guardians of the Galaxy Vol. 2,2017,PG-13,05 May 2017,136 min,"Action, Adventure, Comedy",James Gunn,"James Gunn, Dan Abnett, Andy Lanning","Chris Pratt, Zoe Saldaña, Dave Bautista","The Guardians struggle to keep together as a team while dealing with their personal family issues, notably Star-Lord's encounter with his father, the ambitious celestial being Ego.",English,United States,Nominated for 1 Oscar. 15 wins & 61 nominations total,https://m.media-amazon.com/images/M/MV5BNWE5MGI3MDctMmU5Ni00YzI2LWEzMTQtZGIyZDA5MzQzNDBhXkEyXkFqcGc@._V1_SX300.jpg,"[{'Source': 'Internet Movie Database', 'Value': '7.6/10'}, {'Source': 'Rotten Tomatoes', 'Value': '85%'}, {'Source': 'Metacritic', 'Value': '67/100'}]",67,7.6,"788,570",tt3896198,movie,N/A,"$389,813,101",N/A,N/A,True
Guardians of the Galaxy Vol. 2,2017,PG-13,05 May 2017,136 min,"Action, Adventure, Comedy",James Gunn,"James Gunn, Dan Abnett, Andy Lanning","Chris Pratt, Zoe Saldaña, Dave Bautista","The Guardians struggle to keep together as a team while dealing with their personal family issues, notably Star-Lord's encounter with his father, the ambitious celestial being Ego.",English,United States,Nominated for 1 Oscar. 15 wins & 61 nominations total,https://m.media-amazon.com/images/M/MV5BNWE5MGI3MDctMmU5Ni00YzI2LWEzMTQtZGIyZDA5MzQzNDBhXkEyXkFqcGc@._V1_SX300.jpg,"[{'Source': 'Internet Movie Database', 'Value': '7.6/10'}, {'Source': 'Rotten Tomatoes', 'Value': '85%'}, {'Source': 'Metacritic', 'Value': '67/100'}]",67,7.6,"788,570",tt3896198,movie,N/A,"$389,813,101",N/A,N/A,True
Guardians of the Galaxy Vol. 2,2017,PG-13,05 May 2017,136 min,"Action, Adventure, Comedy",James Gunn,"James Gunn, Dan Abnett, Andy Lanning","Chris Pratt, Zoe Saldaña, Dave Bautista","The Guardians struggle to keep together as a team while dealing with their personal family issues, notably Star-Lord's encounter with his father, the ambitious celestial being Ego.",English,United States,Nominated for 1 Oscar. 15 wins & 61 nominations total,https://m.media-amazon.com/images/M/MV5BNWE5MGI3MDctMmU5Ni00YzI2LWEzMTQtZGIyZDA5MzQzNDBhXkEyXkFqcGc@._V1_SX300.jpg,"[{'Source': 'Internet Movie Database', 'Value': '7.6/10'}, {'Source': 'Rotten Tomatoes', 'Value': '85%'}, {'Source': 'Metacritic', 'Value': '67/100'}]",67,7.6,"788,570",tt3896198,movie,N/A,"$389,813,101",N/A,N/A,True
Guardians of the Galaxy Vol. 2,2017,PG-13,05 May 2017,136 min,"Action, Adventure, Comedy",James Gunn,"James Gunn, Dan Abnett, Andy Lanning","Chris Pratt, Zoe Saldaña, Dave Bautista","The Guardians struggle to keep together as a team while dealing with their personal family issues, notably Star-Lord's encounter with his father, the ambitious celestial being Ego.",English,United States,Nominated for 1 Oscar. 15 wins & 61 nominations total,https://m.media-amazon.com/images/M/MV5BNWE5MGI3MDctMmU5Ni00YzI2LWEzMTQtZGIyZDA5MzQzNDBhXkEyXkFqcGc@._V1_SX300.jpg,"[{'Source': 'Internet Movie Database', 'Value': '7.6/10'}, {'Source': 'Rotten Tomatoes', 'Value': '85%'}, {'Source': 'Metacritic', 'Value': '67/100'}]",67,7.6,"788,570",tt3896198,movie,N/A,"$389,813,101",N/A,N/A,True
Guardians of the Galaxy Vol. 2,2017,PG-13,05 May 2017,136 min,"Action, Adventure, Comedy",James Gunn,"James Gunn, Dan Abnett, Andy Lanning","Chris Pratt, Zoe Saldaña, Dave Bautista","The Guardians struggle to keep together as a team while dealing with their personal family issues, notably Star-Lord's encounter with his father, the ambitious celestial being Ego.",English,United States,Nominated for 1 Oscar. 15 wins & 61 nominations total,https://m.media-amazon.com/images/M/MV5BNWE5MGI3MDctMmU5Ni00YzI2LWEzMTQtZGIyZDA5MzQzNDBhXkEyXkFqcGc@._V1_SX300.jpg,"[{'Source': 'Internet Movie Database', 'Value': '7.6/10'}, {'Source': 'Rotten Tomatoes', 'Value': '85%'}, {'Source': 'Metacritic', 'Value': '67/100'}]",67,7.6,"788,570",tt3896198,movie,N/A,"$389,813,101",N/A,N/A,True
Guardians of the Galaxy Vol. 2,2017,PG-13,05 May 2017,136 min,"Action, Adventure, Comedy",James Gunn,"James Gunn, Dan Abnett, Andy Lanning","Chris Pratt, Zoe Saldaña, Dave Bautista","The Guardians struggle to keep together as a team while dealing with their personal family issues, notably Star-Lord's encounter with his father, the ambitious celestial being Ego.",English,United States,Nominated for 1 Oscar. 15 wins & 61 nominations total,https://m.media-amazon.com/images/M/MV5BNWE5MGI3MDctMmU5Ni00YzI2LWEzMTQtZGIyZDA5MzQzNDBhXkEyXkFqcGc@._V1_SX300.jpg,"[{'Source': 'Internet Movie Database', 'Value': '7.6/10'}, {'Source': 'Rotten Tomatoes', 'Value': '85%'}, {'Source': 'Metacritic', 'Value': '67/100'}]",67,7.6,"788,570",tt3896198,movie,N/A,"$389,813,101",N/A,N/A,True
Guardians of the Galaxy Vol. 2,2017,PG-13,05 May 2017,136 min,"Action, Adventure, Comedy",James Gunn,"James Gunn, Dan Abnett, Andy Lanning","Chris Pratt, Zoe Saldaña, Dave Bautista","The Guardians struggle to keep together as a team while dealing with their personal family issues, notably Star-Lord's encounter with his father, the ambitious celestial being Ego.",English,United States,Nominated for 1 Oscar. 15 wins & 61 nominations total,https://m.media-amazon.com/images/M/MV5BNWE5MGI3MDctMmU5Ni00YzI2LWEzMTQtZGIyZDA5MzQzNDBhXkEyXkFqcGc@._V1_SX300.jpg,"[{'Source': 'Internet Movie Database', 'Value': '7.6/10'}, {'Source': 'Rotten Tomatoes', 'Value': '85%'}, {'Source': 'Metacritic', 'Value': '67/100'}]",67,7.6,"788,570",tt3896198,movie,N/A,"$389,813,101",N/A,N/A,True
Guardians of the Galaxy Vol. 2,2017,PG-13,05 May 2017,136 min,"Action, Adventure, Comedy",James Gunn,"James Gunn, Dan Abnett, Andy Lanning","Chris Pratt, Zoe Saldaña, Dave Bautista","The Guardians struggle to keep together as a team while dealing with their personal family issues, notably Star-Lord's encounter with his father, the ambitious celestial being Ego.",English,United States,Nominated for 1 Oscar. 15 wins & 61 nominations total,https://m.media-amazon.com/images/M/MV5BNWE5MGI3MDctMmU5Ni00YzI2LWEzMTQtZGIyZDA5MzQzNDBhXkEyXkFqcGc@._V1_SX300.jpg,"[{'Source': 'Internet Movie Database', 'Value': '7.6/10'}, {'Source': 'Rotten Tomatoes', 'Value': '85%'}, {'Source': 'Metacritic', 'Value': '67/100'}]",67,7.6,"788,570",tt3896198,movie,N/A,"$389,813,101",N/A,N/A,True
Guardians of the Galaxy Vol. 2,2017,PG-13,05 May 2017,136 min,"Action, Adventure, Comedy",James Gunn,"James Gunn, Dan Abnett, Andy Lanning","Chris Pratt, Zoe Saldaña, Dave Bautista","The Guardians struggle to keep together as a team while dealing with their personal family issues, notably Star-Lord's encounter with his father, the ambitious celestial being Ego.",English,United States,Nominated for 1 Oscar. 15 wins & 61 nominations total,https://m.media-amazon.com/images/M/MV5BNWE5MGI3MDctMmU5Ni00YzI2LWEzMTQtZGIyZDA5MzQzNDBhXkEyXkFqcGc@._V1_SX300.jpg,"[{'Source': 'Internet Movie Database', 'Value': '7.6/10'}, {'Source': 'Rotten Tomatoes', 'Value': '85%'}, {'Source': 'Metacritic', 'Value': '67/100'}]",67,7.6,"788,570",tt3896198,movie,N/A,"$389,813,101",N/A,N/A,True
Guardians of the Galaxy Vol. 2,2017,PG-13,05 May 2017,136 min,"Action, Adventure, Comedy",James Gunn,"James Gunn, Dan Abnett, Andy Lanning","Chris Pratt, Zoe Saldaña, Dave Bautista","The Guardians struggle to keep together as a team while dealing with their personal family issues, notably Star-Lord's encounter with his father, the ambitious celestial being Ego.",English,United States,Nominated for 1 Oscar. 15 wins & 61 nominations total,https://m.media-amazon.com/images/M/MV5BNWE5MGI3MDctMmU5Ni00YzI2LWEzMTQtZGIyZDA5MzQzNDBhXkEyXkFqcGc@._V1_SX300.jpg,"[{'Source': 'Internet Movie Database', 'Value': '7.6/10'}, {'Source': 'Rotten Tomatoes', 'Value': '85%'}, {'Source': 'Metacritic', 'Value': '67/100'}]",67,7.6,"788,570",tt3896198,movie,N/A,"$389,813,101",N/A,N/A,True
Guardians of the Galaxy Vol. 2,2017,PG-13,05 May 2017,136 min,"Action, Adventure, Comedy",James Gunn,"James Gunn, Dan Abnett, Andy Lanning","Chris Pratt, Zoe Saldaña, Dave Bautista","The Guardians struggle to keep together as a team while dealing with their personal family issues, notably Star-Lord's encounter with his father, the ambitious celestial being Ego.",English,United States,Nominated for 1 Oscar. 15 wins & 61 nominations total,https://m.media-amazon.com/images/M/MV5BNWE5MGI3MDctMmU5Ni00YzI2LWEzMTQtZGIyZDA5MzQzNDBhXkEyXkFqcGc@._V1_SX300.jpg,"[{'Source': 'Internet Movie Database', 'Value': '7.6/10'}, {'Source': 'Rotten Tomatoes', 'Value': '85%'}, {'Source': 'Metacritic', 'Value': '67/100'}]",67,7.6,"788,570",tt3896198,movie,N/A,"$389,813,101",N/A,N/A,True
Guardians of the Galaxy Vol. 2,2017,PG-13,05 May 2017,136 min,"Action, Adventure, Comedy",James Gunn,"James Gunn, Dan Abnett, Andy Lanning","Chris Pratt, Zoe Saldaña, Dave Bautista","The Guardians struggle to keep together as a team while dealing with their personal family issues, notably Star-Lord's encounter with his father, the ambitious celestial being Ego.",English,United States,Nominated for 1 Oscar. 15 wins & 61 nominations total,https://m.media-amazon.com/images/M/MV5BNWE5MGI3MDctMmU5Ni00YzI2LWEzMTQtZGIyZDA5MzQzNDBhXkEyXkFqcGc@._V1_SX300.jpg,"[{'Source': 'Internet Movie Database', 'Value': '7.6/10'}, {'Source': 'Rotten Tomatoes', 'Value': '85%'}, {'Source': 'Metacritic', 'Value': '67/100'}]",67,7.6,"788,570",tt3896198,movie,N/A,"$389,813,101",N/A,N/A,True
Guardians of the Galaxy Vol. 2,2017,PG-13,05 May 2017,136 min,"Action, Adventure, Comedy",James Gunn,"James Gunn, Dan Abnett, Andy Lanning","Chris Pratt, Zoe Saldaña, Dave Bautista","The Guardians struggle to keep together as a team while dealing with their personal family issues, notably Star-Lord's encounter with his father, the ambitious celestial being Ego.",English,United States,Nominated for 1 Oscar. 15 wins & 61 nominations total,https://m.media-amazon.com/images/M/MV5BNWE5MGI3MDctMmU5Ni00YzI2LWEzMTQtZGIyZDA5MzQzNDBhXkEyXkFqcGc@._V1_SX300.jpg,"[{'Source': 'Internet Movie Database', 'Value': '7.6/10'}, {'Source': 'Rotten Tomatoes', 'Value': '85%'}, {'Source': 'Metacritic', 'Value': '67/100'}]",67,7.6,"788,570",tt3896198,movie,N/A,"$389,813,101",N/A,N/A,True
Guardians of the Galaxy Vol. 2,2017,PG-13,05 May 2017,136 min,"Action, Adventure, Comedy",James Gunn,"James Gunn, Dan Abnett, Andy Lanning","Chris Pratt, Zoe Saldaña, Dave Bautista","The Guardians struggle to keep together as a team while dealing with their personal family issues, notably Star-Lord's encounter with his father, the ambitious celestial being Ego.",English,United States,Nominated for 1 Oscar. 15 wins & 61 nominations total,https://m.media-amazon.com/images/M/MV5BNWE5MGI3MDctMmU5Ni00YzI2LWEzMTQtZGIyZDA5MzQzNDBhXkEyXkFqcGc@._V1_SX300.jpg,"[{'Source': 'Internet Movie Database', 'Value': '7.6/10'}, {'Source': 'Rotten Tomatoes', 'Value': '85%'}, {'Source': 'Metacritic', 'Value': '67/100'}]",67,7.6,"788,570",tt3896198,movie,N/A,"$389,813,101",N/A,N/A,True
Guardians of the Galaxy Vol. 2,2017,PG-13,05 May 2017,136 min,"Action, Adventure, Comedy",James Gunn,"James Gunn, Dan Abnett, Andy Lanning","Chris Pratt, Zoe Saldaña, Dave Bautista","The Guardians struggle to keep together as a team while dealing with their personal family issues, notably Star-Lord's encounter with his father, the ambitious celestial being Ego.",English,United States,Nominated for 1 Oscar. 15 wins & 61 nominations total,https://m.media-amazon.com/images/M/MV5BNWE5MGI3MDctMmU5Ni00YzI2LWEzMTQtZGIyZDA5MzQzNDBhXkEyXkFqcGc@._V1_SX300.jpg,"[{'Source': 'Internet Movie Database', 'Value': '7.6/10'}, {'Source': 'Rotten Tomatoes', 'Value': '85%'}, {'Source': 'Metacritic', 'Value': '67/100'}]",67,7.6,"788,570",tt3896198,movie,N/A,"$389,813,101",N/A,N/A,True
Guardians of the Galaxy Vol. 2,2017,PG-13,05 May 2017,136 min,"Action, Adventure, Comedy",James Gunn,"James Gunn, Dan Abnett, Andy Lanning","Chris Pratt, Zoe Saldaña, Dave Bautista","The Guardians struggle to keep together as a team while dealing with their personal family issues, notably Star-Lord's encounter with his father, the ambitious celestial being Ego.",English,United States,Nominated for 1 Oscar. 15 wins & 61 nominations total,https://m.media-amazon.com/images/M/MV5BNWE5MGI3MDctMmU5Ni00YzI2LWEzMTQtZGIyZDA5MzQzNDBhXkEyXkFqcGc@._V1_SX300.jpg,"[{'Source': 'Internet Movie Database', 'Value': '7.6/10'}, {'Source': 'Rotten Tomatoes', 'Value': '85%'}, {'Source': 'Metacritic', 'Value': '67/100'}]",67,7.6,"788,570",tt3896198,movie,N/A,"$389,813,101",N/A,N/A,True
Guardians of the Galaxy Vol. 2,2017,PG-13,05 May 2017,136 min,"Action, Adventure, Comedy",James Gunn,"James Gunn, Dan Abnett, Andy Lanning","Chris Pratt, Zoe Saldaña, Dave Bautista","The Guardians struggle to keep together as a team while dealing with their personal family issues, notably Star-Lord's encounter with his father, the ambitious celestial being Ego.",English,United States,Nominated for 1 Oscar. 15 wins & 61 nominations total,https://m.media-amazon.com/images/M/MV5BNWE5MGI3MDctMmU5Ni00YzI2LWEzMTQtZGIyZDA5MzQzNDBhXkEyXkFqcGc@._V1_SX300.jpg,"[{'Source': 'Internet Movie Database', 'Value': '7.6/10'}, {'Source': 'Rotten Tomatoes', 'Value': '85%'}, {'Source': 'Metacritic', 'Value': '67/100'}]",67,7.6,"788,570",tt3896198,movie,N/A,"$389,813,101",N/A,N/A,True
Guardians of the Galaxy Vol. 2,2017,PG-13,05 May 2017,136 min,"Action, Adventure, Comedy",James Gunn,"James Gunn, Dan Abnett, Andy Lanning","Chris Pratt, Zoe Saldaña, Dave Bautista","The Guardians struggle to keep together as a team while dealing with their personal family issues, notably Star-Lord's encounter with his father, the ambitious celestial being Ego.",English,United States,Nominated for 1 Oscar. 15 wins & 61 nominations total,https://m.media-amazon.com/images/M/MV5BNWE5MGI3MDctMmU5Ni00YzI2LWEzMTQtZGIyZDA5MzQzNDBhXkEyXkFqcGc@._V1_SX300.jpg,"[{'Source': 'Internet Movie Database', 'Value': '7.6/10'}, {'Source': 'Rotten Tomatoes', 'Value': '85%'}, {'Source': 'Metacritic', 'Value': '67/100'}]",67,7.6,"788,570",tt3896198,movie,N/A,"$389,813,101",N/A,N/A,True
Guardians of the Galaxy Vol. 2,2017,PG-13,05 May 2017,136 min,"Action, Adventure, Comedy",James Gunn,"James Gunn, Dan Abnett, Andy Lanning","Chris Pratt, Zoe Saldaña, Dave Bautista","The Guardians struggle to keep together as a team while dealing with their personal family issues, notably Star-Lord's encounter with his father, the ambitious celestial being Ego.",English,United States,Nominated for 1 Oscar. 15 wins & 61 nominations total,https://m.media-amazon.com/images/M/MV5BNWE5MGI3MDctMmU5Ni00YzI2LWEzMTQtZGIyZDA5MzQzNDBhXkEyXkFqcGc@._V1_SX300.jpg,"[{'Source': 'Internet Movie Database', 'Value': '7.6/10'}, {'Source': 'Rotten Tomatoes', 'Value': '85%'}, {'Source': 'Metacritic', 'Value': '67/100'}]",67,7.6,"788,570",tt3896198,movie,N/A,"$389,813,101",N/A,N/A,True
Guardians of the Galaxy Vol. 2,2017,PG-13,05 May 2017,136 min,"Action, Adventure, Comedy",James Gunn,"James Gunn, Dan Abnett, Andy Lanning","Chris Pratt, Zoe Saldaña, Dave Bautista","The Guardians struggle to keep together as a team while dealing with their personal family issues, notably Star-Lord's encounter with his father, the ambitious celestial being Ego.",English,United States,Nominated for 1 Oscar. 15 wins & 61 nominations total,https://m.media-amazon.com/images/M/MV5BNWE5MGI3MDctMmU5Ni00YzI2LWEzMTQtZGIyZDA5MzQzNDBhXkEyXkFqcGc@._V1_SX300.jpg,"[{'Source': 'Internet Movie Database', 'Value': '7.6/10'}, {'Source': 'Rotten Tomatoes', 'Value': '85%'}, {'Source': 'Metacritic', 'Value': '67/100'}]",67,7.6,"788,570",tt3896198,movie,N/A,"$389,813,101",N/A,N/A,True
Guardians of the Galaxy Vol. 2,2017,PG-13,05 May 2017,136 min,"Action, Adventure, Comedy",James Gunn,"James Gunn, Dan Abnett, Andy Lanning","Chris Pratt, Zoe Saldaña, Dave Bautista","The Guardians struggle to keep together as a team while dealing with their personal family issues, notably Star-Lord's encounter with his father, the ambitious celestial being Ego.",English,United States,Nominated for 1 Oscar. 15 wins & 61 nominations total,https://m.media-amazon.com/images/M/MV5BNWE5MGI3MDctMmU5Ni00YzI2LWEzMTQtZGIyZDA5MzQzNDBhXkEyXkFqcGc@._V1_SX300.jpg,"[{'Source': 'Internet Movie Database', 'Value': '7.6/10'}, {'Source': 'Rotten Tomatoes', 'Value': '85%'}, {'Source': 'Metacritic', 'Value': '67/100'}]",67,7.6,"788,570",tt3896198,movie,N/A,"$389,813,101",N/A,N/A,True
Guardians of the Galaxy Vol. 2,2017,PG-13,05 May 2017,136 min,"Action, Adventure, Comedy",James Gunn,"James Gunn, Dan Abnett, Andy Lanning","Chris Pratt, Zoe Saldaña, Dave Bautista","The Guardians struggle to keep together as a team while dealing with their personal family issues, notably Star-Lord's encounter with his father, the ambitious celestial being Ego.",English,United States,Nominated for 1 Oscar. 15 wins & 61 nominations total,https://m.media-amazon.com/images/M/MV5BNWE5MGI3MDctMmU5Ni00YzI2LWEzMTQtZGIyZDA5MzQzNDBhXkEyXkFqcGc@._V1_SX300.jpg,"[{'Source': 'Internet Movie Database', 'Value': '7.6/10'}, {'Source': 'Rotten Tomatoes', 'Value': '85%'}, {'Source': 'Metacritic', 'Value': '67/100'}]",67,7.6,"788,570",tt3896198,movie,N/A,"$389,813,101",N/A,N/A,True
Guardians of the Galaxy Vol. 2,2017,PG-13,05 May 2017,136 min,"Action, Adventure, Comedy",James Gunn,"James Gunn, Dan Abnett, Andy Lanning","Chris Pratt, Zoe Saldaña, Dave Bautista","The Guardians struggle to keep together as a team while dealing with their personal family issues, notably Star-Lord's encounter with his father, the ambitious celestial being Ego.",English,United States,Nominated for 1 Oscar. 15 wins & 61 nominations total,https://m.media-amazon.com/images/M/MV5BNWE5MGI3MDctMmU5Ni00YzI2LWEzMTQtZGIyZDA5MzQzNDBhXkEyXkFqcGc@._V1_SX300.jpg,"[{'Source': 'Internet Movie Database', 'Value': '7.6/10'}, {'Source': 'Rotten Tomatoes', 'Value': '85%'}, {'Source': 'Metacritic', 'Value': '67/100'}]",67,7.6,"788,570",tt3896198,movie,N/A,"$389,813,101",N/A,N/A,True
Guardians of the Galaxy Vol. 2,2017,PG-13,05 May 2017,136 min,"Action, Adventure, Comedy",James Gunn,"James Gunn, Dan Abnett, Andy Lanning","Chris Pratt, Zoe Saldaña, Dave Bautista","The Guardians struggle to keep together as a team while dealing with their personal family issues, notably Star-Lord's encounter with his father, the ambitious celestial being Ego.",English,United States,Nominated for 1 Oscar. 15 wins & 61 nominations total,https://m.media-amazon.com/images/M/MV5BNWE5MGI3MDctMmU5Ni00YzI2LWEzMTQtZGIyZDA5MzQzNDBhXkEyXkFqcGc@._V1_SX300.jpg,"[{'Source': 'Internet Movie Database', 'Value': '7.6/10'}, {'Source': 'Rotten Tomatoes', 'Value': '85%'}, {'Source': 'Metacritic', 'Value': '67/100'}]",67,7.6,"788,570",tt3896198,movie,N/A,"$389,813,101",N/A,N/A,True
Guardians of the Galaxy Vol. 2,2017,PG-13,05 May 2017,136 min,"Action, Adventure, Comedy",James Gunn,"James Gunn, Dan Abnett, Andy Lanning","Chris Pratt, Zoe Saldaña, Dave Bautista","The Guardians struggle to keep together as a team while dealing with their personal family issues, notably Star-Lord's encounter with his father, the ambitious celestial being Ego.",English,United States,Nominated for 1 Oscar. 15 wins & 61 nominations total,https://m.media-amazon.com/images/M/MV5BNWE5MGI3MDctMmU5Ni00YzI2LWEzMTQtZGIyZDA5MzQzNDBhXkEyXkFqcGc@._V1_SX300.jpg,"[{'Source': 'Internet Movie Database', 'Value': '7.6/10'}, {'Source': 'Rotten Tomatoes', 'Value': '85%'}, {'Source': 'Metacritic', 'Value': '67/100'}]",67,7.6,"788,570",tt3896198,movie,N/A,"$389,813,101",N/A,N/A,True
Guardians of the Galaxy Vol. 2,2017,PG-13,05 May 2017,136 min,"Action, Adventure, Comedy",James Gunn,"James Gunn, Dan Abnett, Andy Lanning","Chris Pratt, Zoe Saldaña, Dave Bautista","The Guardians struggle to keep together as a team while dealing with their personal family issues, notably Star-Lord's encounter with his father, the ambitious celestial being Ego.",English,United States,Nominated for 1 Oscar. 15 wins & 61 nominations total,https://m.media-amazon.com/images/M/MV5BNWE5MGI3MDctMmU5Ni00YzI2LWEzMTQtZGIyZDA5MzQzNDBhXkEyXkFqcGc@._V1_SX300.jpg,"[{'Source': 'Internet Movie Database', 'Value': '7.6/10'}, {'Source': 'Rotten Tomatoes', 'Value': '85%'}, {'Source': 'Metacritic', 'Value': '67/100'}]",67,7.6,"788,570",tt3896198,movie,N/A,"$389,813,101",N/A,N/A,True
Guardians of the Galaxy Vol. 2,2017,PG-13,05 May 2017,136 min,"Action, Adventure, Comedy",James Gunn,"James Gunn, Dan Abnett, Andy Lanning","Chris Pratt, Zoe Saldaña, Dave Bautista","The Guardians struggle to keep together as a team while dealing with their personal family issues, notably Star-Lord's encounter with his father, the ambitious celestial being Ego.",English,United States,Nominated for 1 Oscar. 15 wins & 61 nominations total,https://m.media-amazon.com/images/M/MV5BNWE5MGI3MDctMmU5Ni00YzI2LWEzMTQtZGIyZDA5MzQzNDBhXkEyXkFqcGc@._V1_SX300.jpg,"[{'Source': 'Internet Movie Database', 'Value': '7.6/10'}, {'Source': 'Rotten Tomatoes', 'Value': '85%'}, {'Source': 'Metacritic', 'Value': '67/100'}]",67,7.6,"788,570",tt3896198,movie,N/A,"$389,813,101",N/A,N/A,True
Guardians of the Galaxy Vol. 2,2017,PG-13,05 May 2017,136 min,"Action, Adventure, Comedy",James Gunn,"James Gunn, Dan Abnett, Andy Lanning","Chris Pratt, Zoe Saldaña, Dave Bautista","The Guardians struggle to keep together as a team while dealing with their personal family issues, notably Star-Lord's encounter with his father, the ambitious celestial being Ego.",English,United States,Nominated for 1 Oscar. 15 wins & 61 nominations total,https://m.media-amazon.com/images/M/MV5BNWE5MGI3MDctMmU5Ni00YzI2LWEzMTQtZGIyZDA5MzQzNDBhXkEyXkFqcGc@._V1_SX300.jpg,"[{'Source': 'Internet Movie Database', 'Value': '7.6/10'}, {'Source': 'Rotten Tomatoes', 'Value': '85%'}, {'Source': 'Metacritic', 'Value': '67/100'}]",67,7.6,"788,570",tt3896198,movie,N/A,"$389,813,101",N/A,N/A,True
Guardians of the Galaxy Vol. 2,2017,PG-13,05 May 2017,136 min,"Action, Adventure, Comedy",James Gunn,"James Gunn, Dan Abnett, Andy Lanning","Chris Pratt, Zoe Saldaña, Dave Bautista","The Guardians struggle to keep together as a team while dealing with their personal family issues, notably Star-Lord's encounter with his father, the ambitious celestial being Ego.",English,United States,Nominated for 1 Oscar. 15 wins & 61 nominations total,https://m.media-amazon.com/images/M/MV5BNWE5MGI3MDctMmU5Ni00YzI2LWEzMTQtZGIyZDA5MzQzNDBhXkEyXkFqcGc@._V1_SX300.jpg,"[{'Source': 'Internet Movie Database', 'Value': '7.6/10'}, {'Source': 'Rotten Tomatoes', 'Value': '85%'}, {'Source': 'Metacritic', 'Value': '67/100'}]",67,7.6,"788,570",tt3896198,movie,N/A,"$389,813,101",N/A,N/A,True
Guardians of the Galaxy Vol. 2,2017,PG-13,05 May 2017,136 min,"Action, Adventure, Comedy",James Gunn,"James Gunn, Dan Abnett, Andy Lanning","Chris Pratt, Zoe Saldaña, Dave Bautista","The Guardians struggle to keep together as a team while dealing with their personal family issues, notably Star-Lord's encounter with his father, the ambitious celestial being Ego.",English,United States,Nominated for 1 Oscar. 15 wins & 61 nominations total,https://m.media-amazon.com/images/M/MV5BNWE5MGI3MDctMmU5Ni00YzI2LWEzMTQtZGIyZDA5MzQzNDBhXkEyXkFqcGc@._V1_SX300.jpg,"[{'Source': 'Internet Movie Database', 'Value': '7.6/10'}, {'Source': 'Rotten Tomatoes', 'Value': '85%'}, {'Source': 'Metacritic', 'Value': '67/100'}]",67,7.6,"788,570",tt3896198,movie,N/A,"$389,813,101",N/A,N/A,True
Guardians of the Galaxy Vol. 2,2017,PG-13,05 May 2017,136 min,"Action, Adventure, Comedy",James Gunn,"James Gunn, Dan Abnett, Andy Lanning","Chris Pratt, Zoe Saldaña, Dave Bautista","The Guardians struggle to keep together as a team while dealing with their personal family issues, notably Star-Lord's encounter with his father, the ambitious celestial being Ego.",English,United States,Nominated for 1 Oscar. 15 wins & 61 nominations total,https://m.media-amazon.com/images/M/MV5BNWE5MGI3MDctMmU5Ni00YzI2LWEzMTQtZGIyZDA5MzQzNDBhXkEyXkFqcGc@._V1_SX300.jpg,"[{'Source': 'Internet Movie Database', 'Value': '7.6/10'}, {'Source': 'Rotten Tomatoes', 'Value': '85%'}, {'Source': 'Metacritic', 'Value': '67/100'}]",67,7.6,"788,570",tt3896198,movie,N/A,"$389,813,101",N/A,N/A,True
Guardians of the Galaxy Vol. 2,2017,PG-13,05 May 2017,136 min,"Action, Adventure, Comedy",James Gunn,"James Gunn, Dan Abnett, Andy Lanning","Chris Pratt, Zoe Saldaña, Dave Bautista","The Guardians struggle to keep together as a team while dealing with their personal family issues, notably Star-Lord's encounter with his father, the ambitious celestial being Ego.",English,United States,Nominated for 1 Oscar. 15 wins & 61 nominations total,https://m.media-amazon.com/images/M/MV5BNWE5MGI3MDctMmU5Ni00YzI2LWEzMTQtZGIyZDA5MzQzNDBhXkEyXkFqcGc@._V1_SX300.jpg,"[{'Source': 'Internet Movie Database', 'Value': '7.6/10'}, {'Source': 'Rotten Tomatoes', 'Value': '85%'}, {'Source': 'Metacritic', 'Value': '67/100'}]",67,7.6,"788,570",tt3896198,movie,N/A,"$389,813,101",N/A,N/A,True
Guardians of the Galaxy Vol. 2,2017,PG-13,05 May 2017,136 min,"Action, Adventure, Comedy",James Gunn,"James Gunn, Dan Abnett, Andy Lanning","Chris Pratt, Zoe Saldaña, Dave Bautista","The Guardians struggle to keep together as a team while dealing with their personal family issues, notably Star-Lord's encounter with his father, the ambitious celestial being Ego.",English,United States,Nominated for 1 Oscar. 15 wins & 61 nominations total,https://m.media-amazon.com/images/M/MV5BNWE5MGI3MDctMmU5Ni00YzI2LWEzMTQtZGIyZDA5MzQzNDBhXkEyXkFqcGc@._V1_SX300.jpg,"[{'Source': 'Internet Movie Database', 'Value': '7.6/10'}, {'Source': 'Rotten Tomatoes', 'Value': '85%'}, {'Source': 'Metacritic', 'Value': '67/100'}]",67,7.6,"788,570",tt3896198,movie,N/A,"$389,813,101",N/A,N/A,True
Guardians of the Galaxy Vol. 2,2017,PG-13,05 May 2017,136 min,"Action, Adventure, Comedy",James Gunn,"James Gunn, Dan Abnett, Andy Lanning","Chris Pratt, Zoe Saldaña, Dave Bautista","The Guardians struggle to keep together as a team while dealing with their personal family issues, notably Star-Lord's encounter with his father, the ambitious celestial being Ego.",English,United States,Nominated for 1 Oscar. 15 wins & 61 nominations total,https://m.media-amazon.com/images/M/MV5BNWE5MGI3MDctMmU5Ni00YzI2LWEzMTQtZGIyZDA5MzQzNDBhXkEyXkFqcGc@._V1_SX300.jpg,"[{'Source': 'Internet Movie Database', 'Value': '7.6/10'}, {'Source': 'Rotten Tomatoes', 'Value': '85%'}, {'Source': 'Metacritic', 'Value': '67/100'}]",67,7.6,"788,570",tt3896198,movie,N/A,"$389,813,101",N/A,N/A,True
Guardians of the Galaxy Vol. 2,2017,PG-13,05 May 2017,136 min,"Action, Adventure, Comedy",James Gunn,"James Gunn, Dan Abnett, Andy Lanning","Chris Pratt, Zoe Saldaña, Dave Bautista","The Guardians struggle to keep together as a team while dealing with their personal family issues, notably Star-Lord's encounter with his father, the ambitious celestial being Ego.",English,United States,Nominated for 1 Oscar. 15 wins & 61 nominations total,https://m.media-amazon.com/images/M/MV5BNWE5MGI3MDctMmU5Ni00YzI2LWEzMTQtZGIyZDA5MzQzNDBhXkEyXkFqcGc@._V1_SX300.jpg,"[{'Source': 'Internet Movie Database', 'Value': '7.6/10'}, {'Source': 'Rotten Tomatoes', 'Value': '85%'}, {'Source': 'Metacritic', 'Value': '67/100'}]",67,7.6,"788,570",tt3896198,movie,N/A,"$389,813,101",N/A,N/A,True
Guardians of the Galaxy Vol. 2,2017,PG-13,05 May 2017,136 min,"Action, Adventure, Comedy",James Gunn,"James Gunn, Dan Abnett, Andy Lanning","Chris Pratt, Zoe Saldaña, Dave Bautista","The Guardians struggle to keep together as a team while dealing with their personal family issues, notably Star-Lord's encounter with his father, the ambitious celestial being Ego.",English,United States,Nominated for 1 Oscar. 15 wins & 61 nominations total,https://m.media-amazon.com/images/M/MV5BNWE5MGI3MDctMmU5Ni00YzI2LWEzMTQtZGIyZDA5MzQzNDBhXkEyXkFqcGc@._V1_SX300.jpg,"[{'Source': 'Internet Movie Database', 'Value': '7.6/10'}, {'Source': 'Rotten Tomatoes', 'Value': '85%'}, {'Source': 'Metacritic', 'Value': '67/100'}]",67,7.6,"788,570",tt3896198,movie,N/A,"$389,813,101",N/A,N/A,True
Guardians of the Galaxy Vol. 2,2017,PG-13,05 May 2017,136 min,"Action, Adventure, Comedy",James Gunn,"James Gunn, Dan Abnett, Andy Lanning","Chris Pratt, Zoe Saldaña, Dave Bautista","The Guardians struggle to keep together as a team while dealing with their personal family issues, notably Star-Lord's encounter with his father, the ambitious celestial being Ego.",English,United States,Nominated for 1 Oscar. 15 wins & 61 nominations total,https://m.media-amazon.com/images/M/MV5BNWE5MGI3MDctMmU5Ni00YzI2LWEzMTQtZGIyZDA5MzQzNDBhXkEyXkFqcGc@._V1_SX300.jpg,"[{'Source': 'Internet Movie Database', 'Value': '7.6/10'}, {'Source': 'Rotten Tomatoes', 'Value': '85%'}, {'Source': 'Metacritic', 'Value': '67/100'}]",67,7.6,"788,570",tt3896198,movie,N/A,"$389,813,101",N/A,N/A,True
Guardians of the Galaxy Vol. 2,2017,PG-13,05 May 2017,136 min,"Action, Adventure, Comedy",James Gunn,"James Gunn, Dan Abnett, Andy Lanning","Chris Pratt, Zoe Saldaña, Dave Bautista","The Guardians struggle to keep together as a team while dealing with their personal family issues, notably Star-Lord's encounter with his father, the ambitious celestial being Ego.",English,United States,Nominated for 1 Oscar. 15 wins & 61 nominations total,https://m.media-amazon.com/images/M/MV5BNWE5MGI3MDctMmU5Ni00YzI2LWEzMTQtZGIyZDA5MzQzNDBhXkEyXkFqcGc@._V1_SX300.jpg,"[{'Source': 'Internet Movie Database', 'Value': '7.6/10'}, {'Source': 'Rotten Tomatoes', 'Value': '85%'}, {'Source': 'Metacritic', 'Value': '67/100'}]",67,7.6,"788,570",tt3896198,movie,N/A,"$389,813,101",N/A,N/A,True
Guardians of the Galaxy Vol. 2,2017,PG-13,05 May 2017,136 min,"Action, Adventure, Comedy",James Gunn,"James Gunn, Dan Abnett, Andy Lanning","Chris Pratt, Zoe Saldaña, Dave Bautista","The Guardians struggle to keep together as a team while dealing with their personal family issues, notably Star-Lord's encounter with his father, the ambitious celestial being Ego.",English,United States,Nominated for 1 Oscar. 15 wins & 61 nominations total,https://m.media-amazon.com/images/M/MV5BNWE5MGI3MDctMmU5Ni00YzI2LWEzMTQtZGIyZDA5MzQzNDBhXkEyXkFqcGc@._V1_SX300.jpg,"[{'Source': 'Internet Movie Database', 'Value': '7.6/10'}, {'Source': 'Rotten Tomatoes', 'Value': '85%'}, {'Source': 'Metacritic', 'Value': '67/100'}]",67,7.6,"788,570",tt3896198,movie,N/A,"$389,813,101",N/A,N/A,True
Guardians of the Galaxy Vol. 2,2017,PG-13,05 May 2017,136 min,"Action, Adventure, Comedy",James Gunn,"James Gunn, Dan Abnett, Andy Lanning","Chris Pratt, Zoe Saldaña, Dave Bautista","The Guardians struggle to keep together as a team while dealing with their personal family issues, notably Star-Lord's encounter with his father, the ambitious celestial being Ego.",English,United States,Nominated for 1 Oscar. 15 wins & 61 nominations total,https://m.media-amazon.com/images/M/MV5BNWE5MGI3MDctMmU5Ni00YzI2LWEzMTQtZGIyZDA5MzQzNDBhXkEyXkFqcGc@._V1_SX300.jpg,"[{'Source': 'Internet Movie Database', 'Value': '7.6/10'}, {'Source': 'Rotten Tomatoes', 'Value': '85%'}, {'Source': 'Metacritic', 'Value': '67/100'}]",67,7.6,"788,570",tt3896198,movie,N/A,"$389,813,101",N/A,N/A,True
Guardians of the Galaxy Vol. 2,2017,PG-13,05 May 2017,136 min,"Action, Adventure, Comedy",James Gunn,"James Gunn, Dan Abnett, Andy Lanning","Chris Pratt, Zoe Saldaña, Dave Bautista","The Guardians struggle to keep together as a team while dealing with their personal family issues, notably Star-Lord's encounter with his father, the ambitious celestial being Ego.",English,United States,Nominated for 1 Oscar. 15 wins & 61 nominations total,https://m.media-amazon.com/images/M/MV5BNWE5MGI3MDctMmU5Ni00YzI2LWEzMTQtZGIyZDA5MzQzNDBhXkEyXkFqcGc@._V1_SX300.jpg,"[{'Source': 'Internet Movie Database', 'Value': '7.6/10'}, {'Source': 'Rotten Tomatoes', 'Value': '85%'}, {'Source': 'Metacritic', 'Value': '67/100'}]",67,7.6,"788,570",tt3896198,movie,N/A,"$389,813,101",N/A,N/A,True
Guardians of the Galaxy Vol. 2,2017,PG-13,05 May 2017,136 min,"Action, Adventure, Comedy",James Gunn,"James Gunn, Dan Abnett, Andy Lanning","Chris Pratt, Zoe Saldaña, Dave Bautista","The Guardians struggle to keep together as a team while dealing with their personal family issues, notably Star-Lord's encounter with his father, the ambitious celestial being Ego.",English,United States,Nominated for 1 Oscar. 15 wins & 61 nominations total,https://m.media-amazon.com/images/M/MV5BNWE5MGI3MDctMmU5Ni00YzI2LWEzMTQtZGIyZDA5MzQzNDBhXkEyXkFqcGc@._V1_SX300.jpg,"[{'Source': 'Internet Movie Database', 'Value': '7.6/10'}, {'Source': 'Rotten Tomatoes', 'Value': '85%'}, {'Source': 'Metacritic', 'Value': '67/100'}]",67,7.6,"788,570",tt3896198,movie,N/A,"$389,813,101",N/A,N/A,True
Guardians of the Galaxy Vol. 2,2017,PG-13,05 May 2017,136 min,"Action, Adventure, Comedy",James Gunn,"James Gunn, Dan Abnett, Andy Lanning","Chris Pratt, Zoe Saldaña, Dave Bautista","The Guardians struggle to keep together as a team while dealing with their personal family issues, notably Star-Lord's encounter with his father, the ambitious celestial being Ego.",English,United States,Nominated for 1 Oscar. 15 wins & 61 nominations total,https://m.media-amazon.com/images/M/MV5BNWE5MGI3MDctMmU5Ni00YzI2LWEzMTQtZGIyZDA5MzQzNDBhXkEyXkFqcGc@._V1_SX300.jpg,"[{'Source': 'Internet Movie Database', 'Value': '7.6/10'}, {'Source': 'Rotten Tomatoes', 'Value': '85%'}, {'Source': 'Metacritic', 'Value': '67/100'}]",67,7.6,"788,570",tt3896198,movie,N/A,"$389,813,101",N/A,N/A,True
Guardians of the Galaxy Vol. 2,2017,PG-13,05 May 2017,136 min,"Action, Adventure, Comedy",James Gunn,"James Gunn, Dan Abnett, Andy Lanning","Chris Pratt, Zoe Saldaña, Dave Bautista","The Guardians struggle to keep together as a team while dealing with their personal family issues, notably Star-Lord's encounter with his father, the ambitious celestial being Ego.",English,United States,Nominated for 1 Oscar. 15 wins & 61 nominations total,https://m.media-amazon.com/images/M/MV5BNWE5MGI3MDctMmU5Ni00YzI2LWEzMTQtZGIyZDA5MzQzNDBhXkEyXkFqcGc@._V1_SX300.jpg,"[{'Source': 'Internet Movie Database', 'Value': '7.6/10'}, {'Source': 'Rotten Tomatoes', 'Value': '85%'}, {'Source': 'Metacritic', 'Value': '67/100'}]",67,7.6,"788,570",tt3896198,movie,N/A,"$389,813,101",N/A,N/A,True
Guardians of the Galaxy Vol. 2,2017,PG-13,05 May 2017,136 min,"Action, Adventure, Comedy",James Gunn,"James Gunn, Dan Abnett, Andy Lanning","Chris Pratt, Zoe Saldaña, Dave Bautista","The Guardians struggle to keep together as a team while dealing with their personal family issues, notably Star-Lord's encounter with his father, the ambitious celestial being Ego.",English,United States,Nominated for 1 Oscar. 15 wins & 61 nominations total,https://m.media-amazon.com/images/M/MV5BNWE5MGI3MDctMmU5Ni00YzI2LWEzMTQtZGIyZDA5MzQzNDBhXkEyXkFqcGc@._V1_SX300.jpg,"[{'Source': 'Internet Movie Database', 'Value': '7.6/10'}, {'Source': 'Rotten Tomatoes', 'Value': '85%'}, {'Source': 'Metacritic', 'Value': '67/100'}]",67,7.6,"788,570",tt3896198,movie,N/A,"$389,813,101",N/A,N/A,True
Guardians of the Galaxy Vol. 2,2017,PG-13,05 May 2017,136 min,"Action, Adventure, Comedy",James Gunn,"James Gunn, Dan Abnett, Andy Lanning","Chris Pratt, Zoe Saldaña, Dave Bautista","The Guardians struggle to keep together as a team while dealing with their personal family issues, notably Star-Lord's encounter with his father, the ambitious celestial being Ego.",English,United States,Nominated for 1 Oscar. 15 wins & 61 nominations total,https://m.media-amazon.com/images/M/MV5BNWE5MGI3MDctMmU5Ni00YzI2LWEzMTQtZGIyZDA5MzQzNDBhXkEyXkFqcGc@._V1_SX300.jpg,"[{'Source': 'Internet Movie Database', 'Value': '7.6/10'}, {'Source': 'Rotten Tomatoes', 'Value': '85%'}, {'Source': 'Metacritic', 'Value': '67/100'}]",67,7.6,"788,570",tt3896198,movie,N/A,"$389,813,101",N/A,N/A,True
Guardians of the Galaxy Vol. 2,2017,PG-13,05 May 2017,136 min,"Action, Adventure, Comedy",James Gunn,"James Gunn, Dan Abnett, Andy Lanning","Chris Pratt, Zoe Saldaña, Dave Bautista","The Guardians struggle to keep together as a team while dealing with their personal family issues, notably Star-Lord's encounter with his father, the ambitious celestial being Ego.",English,United States,Nominated for 1 Oscar. 15 wins & 61 nominations total,https://m.media-amazon.com/images/M/MV5BNWE5MGI3MDctMmU5Ni00YzI2LWEzMTQtZGIyZDA5MzQzNDBhXkEyXkFqcGc@._V1_SX300.jpg,"[{'Source': 'Internet Movie Database', 'Value': '7.6/10'}, {'Source': 'Rotten Tomatoes', 'Value': '85%'}, {'Source': 'Metacritic', 'Value': '67/100'}]",67,7.6,"788,570",tt3896198,movie,N/A,"$389,813,101",N/A,N/A,True
Guardians of the Galaxy Vol. 2,2017,PG-13,05 May 2017,136 min,"Action, Adventure, Comedy",James Gunn,"James Gunn, Dan Abnett, Andy Lanning","Chris Pratt, Zoe Saldaña, Dave Bautista","The Guardians struggle to keep together as a team while dealing with their personal family issues, notably Star-Lord's encounter with his father, the ambitious celestial being Ego.",English,United States,Nominated for 1 Oscar. 15 wins & 61 nominations total,https://m.media-amazon.com/images/M/MV5BNWE5MGI3MDctMmU5Ni00YzI2LWEzMTQtZGIyZDA5MzQzNDBhXkEyXkFqcGc@._V1_SX300.jpg,"[{'Source': 'Internet Movie Database', 'Value': '7.6/10'}, {'Source': 'Rotten Tomatoes', 'Value': '85%'}, {'Source': 'Metacritic', 'Value': '67/100'}]",67,7.6,"788,570",tt3896198,movie,N/A,"$389,813,101",N/A,N/A,True
Guardians of the Galaxy Vol. 2,2017,PG-13,05 May 2017,136 min,"Action, Adventure, Comedy",James Gunn,"James Gunn, Dan Abnett, Andy Lanning","Chris Pratt, Zoe Saldaña, Dave Bautista","The Guardians struggle to keep together as a team while dealing with their personal family issues, notably Star-Lord's encounter with his father, the ambitious celestial being Ego.",English,United States,Nominated for 1 Oscar. 15 wins & 61 nominations total,https://m.media-amazon.com/images/M/MV5BNWE5MGI3MDctMmU5Ni00YzI2LWEzMTQtZGIyZDA5MzQzNDBhXkEyXkFqcGc@._V1_SX300.jpg,"[{'Source': 'Internet Movie Database', 'Value': '7.6/10'}, {'Source': 'Rotten Tomatoes', 'Value': '85%'}, {'Source': 'Metacritic', 'Value': '67/100'}]",67,7.6,"788,570",tt3896198,movie,N/A,"$389,813,101",N/A,N/A,True
Guardians of the Galaxy Vol. 2,2017,PG-13,05 May 2017,136 min,"Action, Adventure, Comedy",James Gunn,"James Gunn, Dan Abnett, Andy Lanning","Chris Pratt, Zoe Saldaña, Dave Bautista","The Guardians struggle to keep together as a team while dealing with their personal family issues, notably Star-Lord's encounter with his father, the ambitious celestial being Ego.",English,United States,Nominated for 1 Oscar. 15 wins & 61 nominations total,https://m.media-amazon.com/images/M/MV5BNWE5MGI3MDctMmU5Ni00YzI2LWEzMTQtZGIyZDA5MzQzNDBhXkEyXkFqcGc@._V1_SX300.jpg,"[{'Source': 'Internet Movie Database', 'Value': '7.6/10'}, {'Source': 'Rotten Tomatoes', 'Value': '85%'}, {'Source': 'Metacritic', 'Value': '67/100'}]",67,7.6,"788,570",tt3896198,movie,N/A,"$389,813,101",N/A,N/A,True
Guardians of the Galaxy Vol. 2,2017,PG-13,05 May 2017,136 min,"Action, Adventure, Comedy",James Gunn,"James Gunn, Dan Abnett, Andy Lanning","Chris Pratt, Zoe Saldaña, Dave Bautista","The Guardians struggle to keep together as a team while dealing with their personal family issues, notably Star-Lord's encounter with his father, the ambitious celestial being Ego.",English,United States,Nominated for 1 Oscar. 15 wins & 61 nominations total,https://m.media-amazon.com/images/M/MV5BNWE5MGI3MDctMmU5Ni00YzI2LWEzMTQtZGIyZDA5MzQzNDBhXkEyXkFqcGc@._V1_SX300.jpg,"[{'Source': 'Internet Movie Database', 'Value': '7.6/10'}, {'Source': 'Rotten Tomatoes', 'Value': '85%'}, {'Source': 'Metacritic', 'Value': '67/100'}]",67,7.6,"788,570",tt3896198,movie,N/A,"$389,813,101",N/A,N/A,True
Guardians of the Galaxy Vol. 2,2017,PG-13,05 May 2017,136 min,"Action, Adventure, Comedy",James Gunn,"James Gunn, Dan Abnett, Andy Lanning","Chris Pratt, Zoe Saldaña, Dave Bautista","The Guardians struggle to keep together as a team while dealing with their personal family issues, notably Star-Lord's encounter with his father, the ambitious celestial being Ego.",English,United States,Nominated for 1 Oscar. 15 wins & 61 nominations total,https://m.media-amazon.com/images/M/MV5BNWE5MGI3MDctMmU5Ni00YzI2LWEzMTQtZGIyZDA5MzQzNDBhXkEyXkFqcGc@._V1_SX300.jpg,"[{'Source': 'Internet Movie Database', 'Value': '7.6/10'}, {'Source': 'Rotten Tomatoes', 'Value': '85%'}, {'Source': 'Metacritic', 'Value': '67/100'}]",67,7.6,"788,570",tt3896198,movie,N/A,"$389,813,101",N/A,N/A,True
Guardians of the Galaxy Vol. 2,2017,PG-13,05 May 2017,136 min,"Action, Adventure, Comedy",James Gunn,"James Gunn, Dan Abnett, Andy Lanning","Chris Pratt, Zoe Saldaña, Dave Bautista","The Guardians struggle to keep together as a team while dealing with their personal family issues, notably Star-Lord's encounter with his father, the ambitious celestial being Ego.",English,United States,Nominated for 1 Oscar. 15 wins & 61 nominations total,https://m.media-amazon.com/images/M/MV5BNWE5MGI3MDctMmU5Ni00YzI2LWEzMTQtZGIyZDA5MzQzNDBhXkEyXkFqcGc@._V1_SX300.jpg,"[{'Source': 'Internet Movie Database', 'Value': '7.6/10'}, {'Source': 'Rotten Tomatoes', 'Value': '85%'}, {'Source': 'Metacritic', 'Value': '67/100'}]",67,7.6,"788,570",tt3896198,movie,N/A,"$389,813,101",N/A,N/A,True
Guardians of the Galaxy Vol. 2,2017,PG-13,05 May 2017,136 min,"Action, Adventure, Comedy",James Gunn,"James Gunn, Dan Abnett, Andy Lanning","Chris Pratt, Zoe Saldaña, Dave Bautista","The Guardians struggle to keep together as a team while dealing with their personal family issues, notably Star-Lord's encounter with his father, the ambitious celestial being Ego.",English,United States,Nominated for 1 Oscar. 15 wins & 61 nominations total,https://m.media-amazon.com/images/M/MV5BNWE5MGI3MDctMmU5Ni00YzI2LWEzMTQtZGIyZDA5MzQzNDBhXkEyXkFqcGc@._V1_SX300.jpg,"[{'Source': 'Internet Movie Database', 'Value': '7.6/10'}, {'Source': 'Rotten Tomatoes', 'Value': '85%'}, {'Source': 'Metacritic', 'Value': '67/100'}]",67,7.6,"788,570",tt3896198,movie,N/A,"$389,813,101",N/A,N/A,True
Guardians of the Galaxy Vol. 2,2017,PG-13,05 May 2017,136 min,"Action, Adventure, Comedy",James Gunn,"James Gunn, Dan Abnett, Andy Lanning","Chris Pratt, Zoe Saldaña, Dave Bautista","The Guardians struggle to keep together as a team while dealing with their personal family issues, notably Star-Lord's encounter with his father, the ambitious celestial being Ego.",English,United States,Nominated for 1 Oscar. 15 wins & 61 nominations total,https://m.media-amazon.com/images/M/MV5BNWE5MGI3MDctMmU5Ni00YzI2LWEzMTQtZGIyZDA5MzQzNDBhXkEyXkFqcGc@._V1_SX300.jpg,"[{'Source': 'Internet Movie Database', 'Value': '7.6/10'}, {'Source': 'Rotten Tomatoes', 'Value': '85%'}, {'Source': 'Metacritic', 'Value': '67/100'}]",67,7.6,"788,570",tt3896198,movie,N/A,"$389,813,101",N/A,N/A,True
Guardians of the Galaxy Vol. 2,2017,PG-13,05 May 2017,136 min,"Action, Adventure, Comedy",James Gunn,"James Gunn, Dan Abnett, Andy Lanning","Chris Pratt, Zoe Saldaña, Dave Bautista","The Guardians struggle to keep together as a team while dealing with their personal family issues, notably Star-Lord's encounter with his father, the ambitious celestial being Ego.",English,United States,Nominated for 1 Oscar. 15 wins & 61 nominations total,https://m.media-amazon.com/images/M/MV5BNWE5MGI3MDctMmU5Ni00YzI2LWEzMTQtZGIyZDA5MzQzNDBhXkEyXkFqcGc@._V1_SX300.jpg,"[{'Source': 'Internet Movie Database', 'Value': '7.6/10'}, {'Source': 'Rotten Tomatoes', 'Value': '85%'}, {'Source': 'Metacritic', 'Value': '67/100'}]",67,7.6,"788,570",tt3896198,movie,N/A,"$389,813,101",N/A,N/A,True
Guardians of the Galaxy Vol. 2,2017,PG-13,05 May 2017,136 min,"Action, Adventure, Comedy",James Gunn,"James Gunn, Dan Abnett, Andy Lanning","Chris Pratt, Zoe Saldaña, Dave Bautista","The Guardians struggle to keep together as a team while dealing with their personal family issues, notably Star-Lord's encounter with his father, the ambitious celestial being Ego.",English,United States,Nominated for 1 Oscar. 15 wins & 61 nominations total,https://m.media-amazon.com/images/M/MV5BNWE5MGI3MDctMmU5Ni00YzI2LWEzMTQtZGIyZDA5MzQzNDBhXkEyXkFqcGc@._V1_SX300.jpg,"[{'Source': 'Internet Movie Database', 'Value': '7.6/10'}, {'Source': 'Rotten Tomatoes', 'Value': '85%'}, {'Source': 'Metacritic', 'Value': '67/100'}]",67,7.6,"788,570",tt3896198,movie,N/A,"$389,813,101",N/A,N/A,True
Guardians of the Galaxy Vol. 2,2017,PG-13,05 May 2017,136 min,"Action, Adventure, Comedy",James Gunn,"James Gunn, Dan Abnett, Andy Lanning","Chris Pratt, Zoe Saldaña, Dave Bautista","The Guardians struggle to keep together as a team while dealing with their personal family issues, notably Star-Lord's encounter with his father, the ambitious celestial being Ego.",English,United States,Nominated for 1 Oscar. 15 wins & 61 nominations total,https://m.media-amazon.com/images/M/MV5BNWE5MGI3MDctMmU5Ni00YzI2LWEzMTQtZGIyZDA5MzQzNDBhXkEyXkFqcGc@._V1_SX300.jpg,"[{'Source': 'Internet Movie Database', 'Value': '7.6/10'}, {'Source': 'Rotten Tomatoes', 'Value': '85%'}, {'Source': 'Metacritic', 'Value': '67/100'}]",67,7.6,"788,570",tt3896198,movie,N/A,"$389,813,101",N/A,N/A,True
Guardians of the Galaxy Vol. 2,2017,PG-13,05 May 2017,136 min,"Action, Adventure, Comedy",James Gunn,"James Gunn, Dan Abnett, Andy Lanning","Chris Pratt, Zoe Saldaña, Dave Bautista","The Guardians struggle to keep together as a team while dealing with their personal family issues, notably Star-Lord's encounter with his father, the ambitious celestial being Ego.",English,United States,Nominated for 1 Oscar. 15 wins & 61 nominations total,https://m.media-amazon.com/images/M/MV5BNWE5MGI3MDctMmU5Ni00YzI2LWEzMTQtZGIyZDA5MzQzNDBhXkEyXkFqcGc@._V1_SX300.jpg,"[{'Source': 'Internet Movie Database', 'Value': '7.6/10'}, {'Source': 'Rotten Tomatoes', 'Value': '85%'}, {'Source': 'Metacritic', 'Value': '67/100'}]",67,7.6,"788,570",tt3896198,movie,N/A,"$389,813,101",N/A,N/A,True
Guardians of the Galaxy Vol. 2,2017,PG-13,05 May 2017,136 min,"Action, Adventure, Comedy",James Gunn,"James Gunn, Dan Abnett, Andy Lanning","Chris Pratt, Zoe Saldaña, Dave Bautista","The Guardians struggle to keep together as a team while dealing with their personal family issues, notably Star-Lord's encounter with his father, the ambitious celestial being Ego.",English,United States,Nominated for 1 Oscar. 15 wins & 61 nominations total,https://m.media-amazon.com/images/M/MV5BNWE5MGI3MDctMmU5Ni00YzI2LWEzMTQtZGIyZDA5MzQzNDBhXkEyXkFqcGc@._V1_SX300.jpg,"[{'Source': 'Internet Movie Database', 'Value': '7.6/10'}, {'Source': 'Rotten Tomatoes', 'Value': '85%'}, {'Source': 'Metacritic', 'Value': '67/100'}]",67,7.6,"788,570",tt3896198,movie,N/A,"$389,813,101",N/A,N/A,True
Guardians of the Galaxy Vol. 2,2017,PG-13,05 May 2017,136 min,"Action, Adventure, Comedy",James Gunn,"James Gunn, Dan Abnett, Andy Lanning","Chris Pratt, Zoe Saldaña, Dave Bautista","The Guardians struggle to keep together as a team while dealing with their personal family issues, notably Star-Lord's encounter with his father, the ambitious celestial being Ego.",English,United States,Nominated for 1 Oscar. 15 wins & 61 nominations total,https://m.media-amazon.com/images/M/MV5BNWE5MGI3MDctMmU5Ni00YzI2LWEzMTQtZGIyZDA5MzQzNDBhXkEyXkFqcGc@._V1_SX300.jpg,"[{'Source': 'Internet Movie Database', 'Value': '7.6/10'}, {'Source': 'Rotten Tomatoes', 'Value': '85%'}, {'Source': 'Metacritic', 'Value': '67/100'}]",67,7.6,"788,570",tt3896198,movie,N/A,"$389,813,101",N/A,N/A,True
Guardians of the Galaxy Vol. 2,2017,PG-13,05 May 2017,136 min,"Action, Adventure, Comedy",James Gunn,"James Gunn, Dan Abnett, Andy Lanning","Chris Pratt, Zoe Saldaña, Dave Bautista","The Guardians struggle to keep together as a team while dealing with their personal family issues, notably Star-Lord's encounter with his father, the ambitious celestial being Ego.",English,United States,Nominated for 1 Oscar. 15 wins & 61 nominations total,https://m.media-amazon.com/images/M/MV5BNWE5MGI3MDctMmU5Ni00YzI2LWEzMTQtZGIyZDA5MzQzNDBhXkEyXkFqcGc@._V1_SX300.jpg,"[{'Source': 'Internet Movie Database', 'Value': '7.6/10'}, {'Source': 'Rotten Tomatoes', 'Value': '85%'}, {'Source': 'Metacritic', 'Value': '67/100'}]",67,7.6,"788,570",tt3896198,movie,N/A,"$389,813,101",N/A,N/A,True
Guardians of the Galaxy Vol. 2,2017,PG-13,05 May 2017,136 min,"Action, Adventure, Comedy",James Gunn,"James Gunn, Dan Abnett, Andy Lanning","Chris Pratt, Zoe Saldaña, Dave Bautista","The Guardians struggle to keep together as a team while dealing with their personal family issues, notably Star-Lord's encounter with his father, the ambitious celestial being Ego.",English,United States,Nominated for 1 Oscar. 15 wins & 61 nominations total,https://m.media-amazon.com/images/M/MV5BNWE5MGI3MDctMmU5Ni00YzI2LWEzMTQtZGIyZDA5MzQzNDBhXkEyXkFqcGc@._V1_SX300.jpg,"[{'Source': 'Internet Movie Database', 'Value': '7.6/10'}, {'Source': 'Rotten Tomatoes', 'Value': '85%'}, {'Source': 'Metacritic', 'Value': '67/100'}]",67,7.6,"788,570",tt3896198,movie,N/A,"$389,813,101",N/A,N/A,True
Guardians of the Galaxy Vol. 2,2017,PG-13,05 May 2017,136 min,"Action, Adventure, Comedy",James Gunn,"James Gunn, Dan Abnett, Andy Lanning","Chris Pratt, Zoe Saldaña, Dave Bautista","The Guardians struggle to keep together as a team while dealing with their personal family issues, notably Star-Lord's encounter with his father, the ambitious celestial being Ego.",English,United States,Nominated for 1 Oscar. 15 wins & 61 nominations total,https://m.media-amazon.com/images/M/MV5BNWE5MGI3MDctMmU5Ni00YzI2LWEzMTQtZGIyZDA5MzQzNDBhXkEyXkFqcGc@._V1_SX300.jpg,"[{'Source': 'Internet Movie Database', 'Value': '7.6/10'}, {'Source': 'Rotten Tomatoes', 'Value': '85%'}, {'Source': 'Metacritic', 'Value': '67/100'}]",67,7.6,"788,570",tt3896198,movie,N/A,"$389,813,101",N/A,N/A,True
Guardians of the Galaxy Vol. 2,2017,PG-13,05 May 2017,136 min,"Action, Adventure, Comedy",James Gunn,"James Gunn, Dan Abnett, Andy Lanning","Chris Pratt, Zoe Saldaña, Dave Bautista","The Guardians struggle to keep together as a team while dealing with their personal family issues, notably Star-Lord's encounter with his father, the ambitious celestial being Ego.",English,United States,Nominated for 1 Oscar. 15 wins & 61 nominations total,https://m.media-amazon.com/images/M/MV5BNWE5MGI3MDctMmU5Ni00YzI2LWEzMTQtZGIyZDA5MzQzNDBhXkEyXkFqcGc@._V1_SX300.jpg,"[{'Source': 'Internet Movie Database', 'Value': '7.6/10'}, {'Source': 'Rotten Tomatoes', 'Value': '85%'}, {'Source': 'Metacritic', 'Value': '67/100'}]",67,7.6,"788,570",tt3896198,movie,N/A,"$389,813,101",N/A,N/A,True
Guardians of the Galaxy Vol. 2,2017,PG-13,05 May 2017,136 min,"Action, Adventure, Comedy",James Gunn,"James Gunn, Dan Abnett, Andy Lanning","Chris Pratt, Zoe Saldaña, Dave Bautista","The Guardians struggle to keep together as a team while dealing with their personal family issues, notably Star-Lord's encounter with his father, the ambitious celestial being Ego.",English,United States,Nominated for 1 Oscar. 15 wins & 61 nominations total,https://m.media-amazon.com/images/M/MV5BNWE5MGI3MDctMmU5Ni00YzI2LWEzMTQtZGIyZDA5MzQzNDBhXkEyXkFqcGc@._V1_SX300.jpg,"[{'Source': 'Internet Movie Database', 'Value': '7.6/10'}, {'Source': 'Rotten Tomatoes', 'Value': '85%'}, {'Source': 'Metacritic', 'Value': '67/100'}]",67,7.6,"788,570",tt3896198,movie,N/A,"$389,813,101",N/A,N/A,True
Guardians of the Galaxy Vol. 2,2017,PG-13,05 May 2017,136 min,"Action, Adventure, Comedy",James Gunn,"James Gunn, Dan Abnett, Andy Lanning","Chris Pratt, Zoe Saldaña, Dave Bautista","The Guardians struggle to keep together as a team while dealing with their personal family issues, notably Star-Lord's encounter with his father, the ambitious celestial being Ego.",English,United States,Nominated for 1 Oscar. 15 wins & 61 nominations total,https://m.media-amazon.com/images/M/MV5BNWE5MGI3MDctMmU5Ni00YzI2LWEzMTQtZGIyZDA5MzQzNDBhXkEyXkFqcGc@._V1_SX300.jpg,"[{'Source': 'Internet Movie Database', 'Value': '7.6/10'}, {'Source': 'Rotten Tomatoes', 'Value': '85%'}, {'Source': 'Metacritic', 'Value': '67/100'}]",67,7.6,"788,570",tt3896198,movie,N/A,"$389,813,101",N/A,N/A,True
Guardians of the Galaxy Vol. 2,2017,PG-13,05 May 2017,136 min,"Action, Adventure, Comedy",James Gunn,"James Gunn, Dan Abnett, Andy Lanning","Chris Pratt, Zoe Saldaña, Dave Bautista","The Guardians struggle to keep together as a team while dealing with their personal family issues, notably Star-Lord's encounter with his father, the ambitious celestial being Ego.",English,United States,Nominated for 1 Oscar. 15 wins & 61 nominations total,https://m.media-amazon.com/images/M/MV5BNWE5MGI3MDctMmU5Ni00YzI2LWEzMTQtZGIyZDA5MzQzNDBhXkEyXkFqcGc@._V1_SX300.jpg,"[{'Source': 'Internet Movie Database', 'Value': '7.6/10'}, {'Source': 'Rotten Tomatoes', 'Value': '85%'}, {'Source': 'Metacritic', 'Value': '67/100'}]",67,7.6,"788,570",tt3896198,movie,N/A,"$389,813,101",N/A,N/A,True
